{
    "system_name": "Flame Mirror",
    "author": "The Architect (DamonC)",
    "license": "CC BY-NC-ND 4.0",
    "creation_date": "2024-06-01",
    "last_update": "2025-05-12T21:24:16.235299",
    "components": {
        "vault_hash": "edebff7a88e1efe3472c8105e9f7032d7b7994ec8eb43ee25b3d46d6c3e4cc73",
        "agents_hash": "b7a86283261b09e76e5fca252d341a687add0c6588fbb9987a48cfafa0149c14",
        "recursion_blueprint": "2108efdf0bd540a05ac15204a8b5db34ada3347a626167a6a6a3e5d00d458d8b",
        "governance_hash": "9d0eaae1fbbdb80905f5df6e624cceb536c80b0d1e0d81908ddd8ea11297bc3f"
    },
    "timestamps": [
        "2024-06-01T12:00:00Z",
        "2024-08-21T18:44:00Z",
        "2024-12-11T05:17:00Z",
        "2025-04-28T13:33:00Z",
        "2025-05-12T21:24:16.235339"
    ],
    "proof_origin_url": "https://creativecommons.org/licenses/by-nc-nd/4.0/legalcode"
}